{
    "f1_score_per_bundle": {
        "ICP_left": 0.8489528634089084,
        "FPT_right": 0.8733382231594388,
        "CST_left": 0.8279702168986727,
        "Cingulum_left": 0.8412437429208227,
        "OR_right": 0.8561148768029812,
        "ICP_right": 0.8658979114587535,
        "Fornix": 0.8376043344559965,
        "SLF_right": 0.8707913427894991,
        "UF_right": 0.8469799741602068,
        "CA": 0.7524893314366998,
        "SCP_right": 0.8098745226404801,
        "CC": 0.8792560014214053,
        "POPT_right": 0.8728460700787906,
        "CST_right": 0.8461330570695014,
        "UF_left": 0.8754867036699528,
        "ILF_right": 0.8547180667433831,
        "SCP_left": 0.7609682299546142,
        "CP": 0.4565637065637066,
        "POPT_left": 0.8693231162196678,
        "FPT_left": 0.8380916462379785,
        "ILF_left": 0.8413355408388521,
        "OR_left": 0.4867358708189158,
        "SLF_left": 0.8472623651536738,
        "Cingulum_right": 0.870896380851252,
        "MCP": 0.8918783110562359
    },
    "VB": 25,
    "VC": 1.0,
    "mean_OL": 0.8406583998912837,
    "VCWP": 0,
    "NC": 0.0,
    "overreach_norm_gt_per_bundle": {
        "ICP_left": 0.17849462365591398,
        "FPT_right": 0.175454958509697,
        "CST_left": 0.24326923076923077,
        "Cingulum_left": 0.21119767797128017,
        "OR_right": 0.11721887550200803,
        "ICP_right": 0.15886618325642715,
        "Fornix": 0.21997950819672132,
        "SLF_right": 0.1637588529970634,
        "UF_right": 0.1888269086670552,
        "CA": 0.3409785932721712,
        "SCP_right": 0.22936038320653707,
        "CC": 0.1714230473738571,
        "POPT_right": 0.1673853910966629,
        "CST_right": 0.23544731130938026,
        "UF_left": 0.16625139616805568,
        "ILF_right": 0.25998101008274177,
        "SCP_left": 0.3076104310803619,
        "CP": 0.15451263537906137,
        "POPT_left": 0.1585531825795645,
        "FPT_left": 0.23617687184014124,
        "ILF_left": 0.2636172133614204,
        "OR_left": 0.0669268927380662,
        "SLF_left": 0.1979946693742861,
        "Cingulum_right": 0.1690334402198809,
        "MCP": 0.13689792311091473
    },
    "mean_ORn": 0.19676868846874002,
    "mean_F1": 0.8169100962724154,
    "version": 2,
    "algo_version": 5,
    "total_streamlines_count": 200433,
    "mean_OR": 0.19038195317511505,
    "IC": 0.0,
    "IB": 0,
    "streamlines_per_bundle": {
        "ICP_left": 4220,
        "FPT_right": 3917,
        "CST_left": 7309,
        "Cingulum_left": 14347,
        "OR_right": 7492,
        "ICP_right": 3233,
        "Fornix": 3825,
        "SLF_right": 11922,
        "UF_right": 6777,
        "CA": 431,
        "SCP_right": 1558,
        "CC": 18342,
        "POPT_right": 1152,
        "CST_right": 10358,
        "UF_left": 5910,
        "ILF_right": 16537,
        "SCP_left": 1797,
        "CP": 22,
        "POPT_left": 1614,
        "FPT_left": 2275,
        "ILF_left": 20993,
        "OR_left": 1988,
        "SLF_left": 12497,
        "Cingulum_right": 20803,
        "MCP": 21114
    },
    "overlap_per_bundle": {
        "ICP_left": 0.8691967109424414,
        "FPT_right": 0.9111605327976661,
        "CST_left": 0.8782967032967033,
        "Cingulum_left": 0.8793156125878399,
        "OR_right": 0.8361571285140562,
        "ICP_right": 0.8848055372445617,
        "Fornix": 0.8790983606557377,
        "SLF_right": 0.8974347901191916,
        "UF_right": 0.8732828240779286,
        "CA": 0.808868501529052,
        "SCP_right": 0.8365736827275289,
        "CC": 0.9190151773403276,
        "POPT_right": 0.9040005307503483,
        "CST_right": 0.9059561128526645,
        "UF_left": 0.9079817853767506,
        "ILF_right": 0.9403174029027445,
        "SCP_left": 0.8030867482703565,
        "CP": 0.34151624548736464,
        "POPT_left": 0.8907558626465661,
        "FPT_left": 0.8916619853944306,
        "ILF_left": 0.9175443876015649,
        "OR_left": 0.343173131658128,
        "SLF_left": 0.8805262935228667,
        "Cingulum_right": 0.9016949152542373,
        "MCP": 0.9150390337310355
    },
    "overreach_per_bundle": {
        "ICP_left": 0.17036947597198746,
        "FPT_right": 0.16146922247408613,
        "CST_left": 0.21690140845070421,
        "Cingulum_left": 0.193668137563914,
        "OR_right": 0.12295135917856907,
        "ICP_right": 0.1522185378177799,
        "Fornix": 0.20014915633448307,
        "SLF_right": 0.15431571236723232,
        "UF_right": 0.17778474562985028,
        "CA": 0.29654255319148937,
        "SCP_right": 0.21517314300819457,
        "CC": 0.15720564768241585,
        "POPT_right": 0.15623258406093257,
        "CST_right": 0.2062787848058478,
        "UF_left": 0.15476285691434055,
        "ILF_right": 0.21659697894300675,
        "SCP_left": 0.27695256348826064,
        "CP": 0.31149927219796214,
        "POPT_left": 0.1511024643320363,
        "FPT_left": 0.2094065746406717,
        "ILF_left": 0.22318471337579618,
        "OR_left": 0.16319651001388064,
        "SLF_left": 0.18357980622131564,
        "Cingulum_right": 0.15786771626593651,
        "MCP": 0.1301389044471827
    }
}