{
    "f1_score_per_bundle": {
        "ICP_left": 0.35244840453887744,
        "FPT_right": 0,
        "CST_left": 0,
        "Cingulum_left": 0.02663723695101457,
        "OR_right": 0.31216931216931215,
        "ICP_right": 0.10503418272218769,
        "Fornix": 0.15244909190974132,
        "SLF_right": 0.23731123784927724,
        "UF_right": 0.29229860153634035,
        "CA": 0,
        "SCP_right": 0.0447680690399137,
        "CC": 0.03163421875934081,
        "POPT_right": 0,
        "CST_right": 0,
        "UF_left": 0.46760394854920734,
        "ILF_right": 0.39942672399426726,
        "SCP_left": 0.09231536926147706,
        "CP": 0,
        "POPT_left": 0.015238687606904059,
        "FPT_left": 0,
        "ILF_left": 0.37992763283184156,
        "OR_left": 0.39452566780257226,
        "SLF_left": 0.2252625945005687,
        "Cingulum_right": 0.015259202070891709,
        "MCP": 0.08605909280066583
    },
    "VB": 18,
    "VC": 0.014052077252747801,
    "mean_OL": 0.09723014003330632,
    "VCWP": 0,
    "NC": 0.6727210589074654,
    "overreach_norm_gt_per_bundle": {
        "ICP_left": 0.36837444655281465,
        "FPT_right": 0,
        "CST_left": 0,
        "Cingulum_left": 0.001578572156024035,
        "OR_right": 0.1209839357429719,
        "ICP_right": 0.004943968358602505,
        "Fornix": 0.031864754098360655,
        "SLF_right": 0.061107272413197446,
        "UF_right": 0.08275747231704271,
        "CA": 0,
        "SCP_right": 0.021414482952944493,
        "CC": 0.005159176363442096,
        "POPT_right": 0,
        "CST_right": 0,
        "UF_left": 0.10035226394020105,
        "ILF_right": 0.08563548401681964,
        "SCP_left": 0.017296434273549762,
        "CP": 0,
        "POPT_left": 0.0021984924623115578,
        "FPT_left": 0,
        "ILF_left": 0.09715833369158677,
        "OR_left": 0.18768805399690983,
        "SLF_left": 0.12226593899395016,
        "Cingulum_right": 0.0009848831882730187,
        "MCP": 0.016173221387538666
    },
    "mean_ORn": 0.05311748747626164,
    "mean_F1": 0.14521477099577607,
    "version": 2,
    "algo_version": 5,
    "total_streamlines_count": 400866,
    "mean_OR": 0.20668874861443817,
    "IC": 0.3132268638397869,
    "IB": 62,
    "streamlines_per_bundle": {
        "Fornix": 56,
        "SCP_right": 3,
        "ICP_left": 630,
        "SLF_left": 423,
        "POPT_left": 2,
        "ILF_left": 750,
        "Cingulum_right": 5,
        "CC": 62,
        "OR_left": 944,
        "ILF_right": 474,
        "UF_left": 638,
        "Cingulum_left": 8,
        "UF_right": 626,
        "SLF_right": 356,
        "OR_right": 572,
        "SCP_left": 6,
        "ICP_right": 7,
        "MCP": 71
    },
    "overlap_per_bundle": {
        "ICP_left": 0.2927261227071474,
        "FPT_right": 0,
        "CST_left": 0,
        "Cingulum_left": 0.013519706691109074,
        "OR_right": 0.2073293172690763,
        "ICP_right": 0.05570204350692155,
        "Fornix": 0.08514344262295082,
        "SLF_right": 0.14285714285714285,
        "UF_right": 0.18533011406210972,
        "CA": 0,
        "SCP_right": 0.023386869540715696,
        "CC": 0.01615422579282905,
        "POPT_right": 0,
        "CST_right": 0,
        "UF_left": 0.3357676776355357,
        "ILF_right": 0.27092281955057196,
        "SCP_left": 0.04922831293241086,
        "CP": 0,
        "POPT_left": 0.007694723618090453,
        "FPT_left": 0,
        "ILF_left": 0.2572976226301535,
        "OR_left": 0.2918598032040335,
        "SLF_left": 0.1424461649109447,
        "Cingulum_right": 0.007695831424644984,
        "MCP": 0.04569155987627044
    },
    "overreach_per_bundle": {
        "ICP_left": 0.5572139303482587,
        "FPT_right": 0,
        "CST_left": 0,
        "Cingulum_left": 0.1045531197301855,
        "OR_right": 0.36850152905198774,
        "ICP_right": 0.08152173913043478,
        "Fornix": 0.2723292469352014,
        "SLF_right": 0.2995977133178065,
        "UF_right": 0.30869565217391304,
        "CA": 0,
        "SCP_right": 0.4779874213836478,
        "CC": 0.24206254476008593,
        "POPT_right": 0,
        "CST_right": 0,
        "UF_left": 0.23010244286840031,
        "ILF_right": 0.24017245751965507,
        "SCP_left": 0.26,
        "CP": 0,
        "POPT_left": 0.2222222222222222,
        "FPT_left": 0,
        "ILF_left": 0.27410551849605824,
        "OR_left": 0.39138545022892995,
        "SLF_left": 0.4618826913856481,
        "Cingulum_right": 0.11345646437994723,
        "MCP": 0.26142857142857145
    }
}