{
    "f1_score_per_bundle": {
        "ICP_left": 0.841292395131896,
        "FPT_right": 0.8662729956847605,
        "CST_left": 0.8113231963765772,
        "Cingulum_left": 0.8545301378392568,
        "OR_right": 0.8383206354352407,
        "ICP_right": 0.8608983146520442,
        "Fornix": 0.8457070337287059,
        "SLF_right": 0.8871755117433846,
        "UF_right": 0.8536821705426357,
        "CA": 0.7453769559032716,
        "SCP_right": 0.7920360016364381,
        "CC": 0.8764737530156705,
        "POPT_right": 0.8621326507468491,
        "CST_right": 0.86442112002927,
        "UF_left": 0.8599121862314638,
        "ILF_right": 0.8402610786671247,
        "SCP_left": 0.7618077657542968,
        "CP": 0.5950554134697357,
        "POPT_left": 0.8672398792159272,
        "FPT_left": 0.8305075240676699,
        "ILF_left": 0.8305640019617461,
        "OR_left": 0.4605395195088838,
        "SLF_left": 0.8456340321595768,
        "Cingulum_right": 0.8601570275351101,
        "MCP": 0.8841543077828664
    },
    "VB": 25,
    "VC": 0.9993314474163436,
    "mean_OL": 0.8417107945539902,
    "VCWP": 0,
    "NC": 0.0,
    "overreach_norm_gt_per_bundle": {
        "ICP_left": 0.18633776091081594,
        "FPT_right": 0.19372504005547983,
        "CST_left": 0.2617445054945055,
        "Cingulum_left": 0.19439352276199207,
        "OR_right": 0.12424698795180723,
        "ICP_right": 0.1639749505603164,
        "Fornix": 0.21147540983606558,
        "SLF_right": 0.14687338054931767,
        "UF_right": 0.18191657647156773,
        "CA": 0.3486238532110092,
        "SCP_right": 0.24795717103409412,
        "CC": 0.17407386678742057,
        "POPT_right": 0.16493067073575268,
        "CST_right": 0.1974921630094044,
        "UF_left": 0.18240398659678667,
        "ILF_right": 0.29746348962336666,
        "SCP_left": 0.2940393826503459,
        "CP": 0.18989169675090253,
        "POPT_left": 0.1585531825795645,
        "FPT_left": 0.25515608699141323,
        "ILF_left": 0.2813722539873608,
        "OR_left": 0.060421240953077986,
        "SLF_left": 0.19968693150569022,
        "Cingulum_right": 0.180439761795694,
        "MCP": 0.14482250699661217
    },
    "mean_ORn": 0.20168065519201456,
    "mean_F1": 0.8174190243528162,
    "version": 2,
    "algo_version": 5,
    "total_streamlines_count": 200433,
    "mean_OR": 0.19213502920738113,
    "IC": 0.000668552583656384,
    "IB": 2,
    "streamlines_per_bundle": {
        "ICP_left": 4220,
        "FPT_right": 3996,
        "CST_left": 7280,
        "Cingulum_left": 14343,
        "OR_right": 7222,
        "ICP_right": 3233,
        "Fornix": 3826,
        "SLF_right": 11922,
        "UF_right": 6777,
        "CA": 431,
        "SCP_right": 1560,
        "CC": 18286,
        "POPT_right": 1083,
        "CST_right": 10348,
        "UF_left": 5910,
        "ILF_right": 16675,
        "SCP_left": 1795,
        "CP": 77,
        "POPT_left": 1615,
        "FPT_left": 2303,
        "ILF_left": 21251,
        "OR_left": 1730,
        "SLF_left": 12497,
        "Cingulum_right": 20805,
        "MCP": 21114
    },
    "overlap_per_bundle": {
        "ICP_left": 0.8613535736875395,
        "FPT_right": 0.9121170815696965,
        "CST_left": 0.861195054945055,
        "Cingulum_left": 0.8910275995518891,
        "OR_right": 0.8113077309236948,
        "ICP_right": 0.8796967699406724,
        "Fornix": 0.8876024590163935,
        "SLF_right": 0.9143202625669373,
        "UF_right": 0.880193156273416,
        "CA": 0.8012232415902141,
        "SCP_right": 0.8182586644125106,
        "CC": 0.9159064428649202,
        "POPT_right": 0.8826378292310755,
        "CST_right": 0.9115505184470701,
        "UF_left": 0.8918291949480196,
        "ILF_right": 0.9400461183704842,
        "SCP_left": 0.7961681745609367,
        "CP": 0.503971119133574,
        "POPT_left": 0.8869870184254607,
        "FPT_left": 0.8913409838696734,
        "ILF_left": 0.9100640557155755,
        "OR_left": 0.3172318451654875,
        "SLF_left": 0.8788340313914625,
        "Cingulum_right": 0.8907924874026569,
        "MCP": 0.9071144498453381
    },
    "overreach_per_bundle": {
        "ICP_left": 0.17785559043709248,
        "FPT_right": 0.17518327098155395,
        "CST_left": 0.2330886850152905,
        "Cingulum_left": 0.17909502474724964,
        "OR_right": 0.13280568783956,
        "ICP_right": 0.15711353229117322,
        "Fornix": 0.1924116714831733,
        "SLF_right": 0.13840393928295283,
        "UF_right": 0.17127851375715294,
        "CA": 0.30319148936170215,
        "SCP_right": 0.23255813953488372,
        "CC": 0.15970368019119816,
        "POPT_right": 0.15744141861937935,
        "CST_right": 0.17807444773004,
        "UF_left": 0.1697992481804367,
        "ILF_right": 0.24037267080745342,
        "SCP_left": 0.2697095435684647,
        "CP": 0.2736732570239334,
        "POPT_left": 0.15164714128366877,
        "FPT_left": 0.2225527595982221,
        "ILF_left": 0.23616222847658222,
        "OR_left": 0.15999138673557278,
        "SLF_left": 0.1851488643941474,
        "Cingulum_right": 0.1684413085311097,
        "MCP": 0.137672230312535
    }
}