{
    "f1_score_per_bundle": {
        "ICP_left": 0.9609773887673232,
        "FPT_right": 0.9579385175934094,
        "CST_left": 0.934261606082967,
        "Cingulum_left": 0.9598005913833972,
        "OR_right": 0.9166828510390368,
        "ICP_right": 0.9621055969557634,
        "Fornix": 0.955525078369906,
        "SLF_right": 0.9626673318367007,
        "UF_right": 0.9693325800984586,
        "CA": 0.9386437029063509,
        "SCP_right": 0.9480432750100174,
        "CC": 0.9570283588485061,
        "POPT_right": 0.9568018554907709,
        "CST_right": 0.9413874511940434,
        "UF_left": 0.9656917651939432,
        "ILF_right": 0.9206210456210455,
        "SCP_left": 0.9591628381827463,
        "CP": 0.6834306241580602,
        "POPT_left": 0.9586382192097358,
        "FPT_left": 0.9368820721025525,
        "ILF_left": 0.915210890777463,
        "OR_left": 0.5275669314504265,
        "SLF_left": 0.9605998415052933,
        "Cingulum_right": 0.9644482743382385,
        "MCP": 0.9772563696559665
    },
    "VB": 25,
    "VC": 1.0,
    "mean_OL": 0.9505549298729838,
    "VCWP": 0,
    "NC": 0.0,
    "overreach_norm_gt_per_bundle": {
        "ICP_left": 0.08121442125237191,
        "FPT_right": 0.08745247148288973,
        "CST_left": 0.14072802197802198,
        "Cingulum_left": 0.08376616763417863,
        "OR_right": 0.050075301204819275,
        "ICP_right": 0.07877389584706658,
        "Fornix": 0.09241803278688525,
        "SLF_right": 0.07756089134565555,
        "UF_right": 0.06327533094663225,
        "CA": 0.13073394495412843,
        "SCP_right": 0.10960834037757115,
        "CC": 0.08980223157273472,
        "POPT_right": 0.07423870496915014,
        "CST_right": 0.124523752109959,
        "UF_left": 0.07105421427957728,
        "ILF_right": 0.17244653434010038,
        "SCP_left": 0.08515167642362959,
        "CP": 0.05848375451263538,
        "POPT_left": 0.06155778894472362,
        "FPT_left": 0.1347403900168526,
        "ILF_left": 0.1852886806242208,
        "OR_left": 0.01748393917215581,
        "SLF_left": 0.08203240681981638,
        "Cingulum_right": 0.07345396243701328,
        "MCP": 0.04654588304610399
    },
    "mean_ORn": 0.09089642956315576,
    "mean_F1": 0.9236282023108849,
    "version": 2,
    "algo_version": 5,
    "total_streamlines_count": 200433,
    "mean_OR": 0.08532969195077204,
    "IC": 0.0,
    "IB": 0,
    "streamlines_per_bundle": {
        "ICP_left": 4220,
        "FPT_right": 3960,
        "CST_left": 7315,
        "Cingulum_left": 14344,
        "OR_right": 7410,
        "ICP_right": 3233,
        "Fornix": 3825,
        "SLF_right": 11922,
        "UF_right": 6777,
        "CA": 431,
        "SCP_right": 1560,
        "CC": 18327,
        "POPT_right": 1114,
        "CST_right": 10353,
        "UF_left": 5910,
        "ILF_right": 16619,
        "SCP_left": 1795,
        "CP": 37,
        "POPT_left": 1596,
        "FPT_left": 2287,
        "ILF_left": 21180,
        "OR_left": 1801,
        "SLF_left": 12497,
        "Cingulum_right": 20806,
        "MCP": 21114
    },
    "overlap_per_bundle": {
        "ICP_left": 1.0,
        "FPT_right": 0.9996652079297893,
        "CST_left": 1.0,
        "Cingulum_left": 1.0,
        "OR_right": 0.8885542168674698,
        "ICP_right": 1.0,
        "Fornix": 0.9993852459016394,
        "SLF_right": 1.0,
        "UF_right": 1.0,
        "CA": 1.0,
        "SCP_right": 1.0,
        "CC": 1.0,
        "POPT_right": 0.9852716778345386,
        "CST_right": 1.0,
        "UF_left": 1.0,
        "ILF_right": 1.0,
        "SCP_left": 1.0,
        "CP": 0.5494584837545127,
        "POPT_left": 0.9772298994974874,
        "FPT_left": 1.0,
        "ILF_left": 1.0,
        "OR_left": 0.3645604619012767,
        "SLF_left": 1.0,
        "Cingulum_right": 0.9997480531378836,
        "MCP": 1.0
    },
    "overreach_per_bundle": {
        "ICP_left": 0.07511407511407511,
        "FPT_right": 0.08044434667839859,
        "CST_left": 0.12336684929857307,
        "Cingulum_left": 0.0772917351877085,
        "OR_right": 0.05334937825912555,
        "ICP_right": 0.07302169263672471,
        "Fornix": 0.08464714714714715,
        "SLF_right": 0.07197819814042962,
        "UF_right": 0.05950982695168742,
        "CA": 0.11561866125760649,
        "SCP_right": 0.09878110716099543,
        "CC": 0.08240231940352859,
        "POPT_right": 0.07006887914840326,
        "CST_right": 0.11073465711712484,
        "UF_left": 0.06634044601315578,
        "ILF_right": 0.14708264239713084,
        "SCP_left": 0.0784698381559588,
        "CP": 0.09619952494061758,
        "POPT_left": 0.05925925925925926,
        "FPT_left": 0.11874115983026874,
        "ILF_left": 0.15632367342497552,
        "OR_left": 0.04576415495955726,
        "SLF_left": 0.07581326243353144,
        "Cingulum_right": 0.06844374253030562,
        "MCP": 0.04447572132301196
    }
}